{
    "modelo": "XGBoost_Otimizado",
    "r2_score": 0.9093290033705941,
    "mae_usd": 60627.38459563077,
    "mse_usd": 13824602817.363459,
    "rmse_usd": 117578.07115854324,
    "parametros": "learning_rate=0.05, max_depth=6"
}